community_id,protein_id,confidence_label,has_topology,has_semantic,has_go,any_nonzero,multi_channel
0,YBR154C,core,True,True,True,True,True
0,YDL150W,core,True,True,True,True,True
0,YDR005C,core,True,True,True,True,True
0,YDR045C,core,True,True,True,True,True
0,YFR028C,inner,True,True,True,True,True
0,YGL156W,inner,True,True,True,True,True
0,YIL021W,inner,True,True,True,True,True
0,YJL011C,core,True,True,True,True,True
0,YJR063W,core,True,True,True,True,True
0,YKL144C,core,True,True,True,True,True
0,YKL213C,inner,True,True,True,True,True
0,YKR025W,core,True,True,True,True,True
0,YNL113W,core,True,True,True,True,True
0,YNL151C,core,True,True,True,True,True
0,YNL248C,core,True,True,True,True,True
0,YNR003C,core,True,True,True,True,True
0,YOL005C,inner,True,True,True,True,True
0,YOR116C,core,True,True,True,True,True
0,YOR207C,core,True,True,True,True,True
0,YOR210W,core,True,True,True,True,True
0,YOR224C,core,True,True,True,True,True
0,YOR340C,core,True,True,True,True,True
0,YOR341W,core,True,True,True,True,True
0,YPR010C,inner,True,True,True,True,True
0,YPR032W,inner,True,True,True,True,True
0,YPR110C,core,True,True,True,True,True
0,YPR187W,core,True,True,True,True,True
0,YPR190C,core,True,True,True,True,True
1,YBR154C,core,True,True,True,True,True
1,YDL115C,core,True,True,True,True,True
1,YDL140C,core,True,True,True,True,True
1,YDR390C,inner,True,True,True,True,True
1,YDR404C,core,True,True,True,True,True
1,YER139C,inner,True,True,True,True,True
1,YGL070C,core,True,True,True,True,True
1,YGR005C,core,True,True,True,True,True
1,YGR063C,core,True,True,True,True,True
1,YGR186W,core,True,True,True,True,True
1,YHL021C,inner,True,True,True,True,True
1,YIL021W,core,True,True,True,True,True
1,YJL140W,core,True,True,True,True,True
1,YJR072C,inner,True,True,True,True,True
1,YML010W,core,True,True,True,True,True
1,YOL005C,core,True,True,True,True,True
1,YOR151C,core,True,True,True,True,True
1,YPR093C,core,True,True,True,True,True
1,YPR180W,core,True,True,True,True,True
1,YPR187W,core,True,True,True,True,True
2,YBR049C,inner,True,True,True,True,True
2,YBR245C,core,True,True,True,True,True
2,YBR289W,inner,True,True,True,True,True
2,YCR052W,core,True,True,True,True,True
2,YDR073W,inner,True,True,True,True,True
2,YDR224C,inner,True,True,True,True,True
2,YDR303C,core,True,True,True,True,True
2,YFL049W,inner,True,True,True,True,True
2,YFR013W,inner,True,True,True,True,True
2,YFR037C,core,True,True,True,True,True
2,YGL133W,inner,True,True,True,True,True
2,YGR056W,inner,True,True,True,True,True
2,YGR275W,inner,True,True,True,True,True
2,YHL025W,inner,True,True,True,True,True
2,YHR056C,inner,True,True,True,True,True
2,YIL031W,inner,True,True,True,True,True
2,YIL126W,core,True,True,True,True,True
2,YJL176C,inner,True,True,True,True,True
2,YKR001C,inner,True,True,True,True,True
2,YKR008W,inner,True,True,True,True,True
2,YLR033W,inner,True,True,True,True,True
2,YLR176C,inner,True,True,True,True,True
2,YLR321C,core,True,True,True,True,True
2,YLR357W,core,True,True,True,True,True
2,YML127W,inner,True,True,True,True,True
2,YMR033W,core,True,True,True,True,True
2,YMR072W,inner,True,True,True,True,True
2,YMR091C,core,True,True,True,True,True
2,YNL059C,inner,True,True,True,True,True
2,YNR023W,inner,True,True,True,True,True
2,YOL006C,inner,True,True,True,True,True
2,YOL067C,inner,True,True,True,True,True
2,YOL072W,inner,True,True,True,True,True
2,YOR290C,inner,True,True,True,True,True
2,YOR304W,inner,True,True,True,True,True
2,YPL016W,inner,True,True,True,True,True
2,YPL082C,inner,True,True,True,True,True
2,YPL129W,inner,True,True,True,True,True
2,YPR034W,core,True,True,True,True,True
4,YBR072W,inner,True,True,True,True,True
4,YEL022W,inner,True,True,True,True,True
4,YJR077C,core,True,True,True,True,True
4,YKL182W,inner,True,True,True,True,True
4,YML016C,core,True,True,True,True,True
4,YPR184W,core,True,True,True,True,True
5,YAL043C,core,True,True,True,True,True
5,YAR014C,inner,True,True,True,True,True
5,YDR195W,core,True,True,True,True,True
5,YDR228C,inner,True,True,True,True,True
5,YDR301W,core,True,True,True,True,True
5,YER070W,inner,True,True,True,True,True
5,YER133W,core,True,True,True,True,True
5,YGL044C,inner,True,True,True,True,True
5,YGR156W,core,True,True,True,True,True
5,YJR093C,core,True,True,True,True,True
5,YKL018W,core,True,True,True,True,True
5,YKL059C,core,True,True,True,True,True
5,YKL193C,inner,True,True,True,True,True
5,YKR002W,core,True,True,True,True,True
5,YLR028C,inner,True,True,True,True,True
5,YLR115W,core,True,True,True,True,True
5,YLR258W,inner,True,True,True,True,True
5,YLR277C,core,True,True,True,True,True
5,YLR448W,inner,True,True,True,True,True
5,YMR061W,core,True,True,True,True,True
5,YMR311C,inner,True,True,True,True,True
5,YNL222W,inner,True,True,True,True,True
5,YNL317W,core,True,True,True,True,True
5,YOR179C,inner,True,True,True,True,True
5,YPR107C,core,True,True,True,True,True
6,YBL075C,inner,True,True,True,True,True
6,YBR279W,inner,True,True,True,True,True
6,YER103W,inner,True,True,True,True,True
6,YER164W,core,True,True,True,True,True
6,YGL019W,core,True,True,True,True,True
6,YGL207W,core,True,True,True,True,True
6,YGL244W,inner,True,True,True,True,True
6,YIL035C,core,True,True,True,True,True
6,YKL064W,inner,True,True,True,True,True
6,YKL088W,core,True,True,True,True,True
6,YLR223C,inner,True,True,True,True,True
6,YLR407W,inner,True,True,True,True,True
6,YLR418C,core,True,True,True,True,True
6,YML069W,core,True,True,True,True,True
6,YMR172W,inner,True,True,True,True,True
6,YOL145C,core,True,True,True,True,True
6,YOR039W,core,True,True,True,True,True
6,YOR061W,core,True,True,True,True,True
6,YOR123C,inner,True,True,True,True,True
7,YER107C,core,True,True,True,True,True
7,YFR002W,core,True,True,True,True,True
7,YGL172W,core,True,True,True,True,True
7,YGR119C,core,True,True,True,True,True
7,YIL115C,core,True,True,True,True,True
7,YJL039C,inner,True,True,True,True,True
7,YJL041W,core,True,True,True,True,True
7,YJL061W,core,True,True,True,True,True
7,YML103C,inner,False,True,True,True,True
7,YMR047C,core,True,True,True,True,True
8,YBL075C,core,True,True,True,True,True
8,YJL155C,core,True,True,True,True,True
8,YLR345W,core,True,True,True,True,True
9,YAL032C,inner,True,True,True,True,True
9,YBL026W,inner,True,True,True,True,True
9,YBL074C,inner,True,True,True,True,True
9,YBL104C,inner,True,True,True,True,True
9,YBR055C,inner,True,True,True,True,True
9,YBR065C,inner,True,True,True,True,True
9,YBR119W,inner,True,True,True,True,True
9,YBR152W,inner,True,True,True,True,True
9,YCR063W,inner,True,True,True,True,True
9,YCR077C,inner,True,True,True,True,True
9,YDL030W,inner,True,True,True,True,True
9,YDL043C,inner,True,True,True,True,True
9,YDL087C,inner,True,True,True,True,True
9,YDL098C,inner,True,True,True,True,True
9,YDL160C,inner,True,True,True,True,True
9,YDL209C,inner,True,True,True,True,True
9,YDR037W,inner,True,True,True,True,True
9,YDR235W,inner,True,True,True,True,True
9,YDR240C,inner,True,True,True,True,True
9,YDR364C,inner,True,True,True,True,True
9,YDR378C,inner,True,True,True,True,True
9,YDR416W,inner,True,True,True,True,True
9,YDR473C,inner,True,True,True,True,True
9,YER013W,inner,True,True,True,True,True
9,YER029C,core,True,True,True,True,True
9,YER112W,inner,True,True,True,True,True
9,YER146W,inner,True,True,True,True,True
9,YER172C,core,True,True,True,True,True
9,YGL049C,inner,True,True,True,True,True
9,YGL120C,inner,True,True,True,True,True
9,YGL128C,inner,True,True,True,True,True
9,YGL173C,inner,True,True,True,True,True
9,YGR013W,inner,True,True,True,True,True
9,YGR074W,inner,True,True,True,True,True
9,YGR075C,inner,True,True,True,True,True
9,YGR091W,inner,True,True,True,True,True
9,YGR162W,inner,True,True,True,True,True
9,YGR278W,inner,True,True,True,True,True
9,YGR280C,inner,True,True,True,True,True
9,YHL034C,inner,True,True,True,True,True
9,YHR086W,inner,True,True,True,True,True
9,YHR156C,inner,True,True,True,True,True
9,YHR165C,core,True,True,True,True,True
9,YIL061C,inner,True,True,True,True,True
9,YIR009W,inner,True,True,True,True,True
9,YJL124C,inner,True,True,True,True,True
9,YJL190C,inner,True,True,True,True,True
9,YJL203W,inner,True,True,True,True,True
9,YJR022W,inner,True,True,True,True,True
9,YJR050W,inner,True,True,True,True,True
9,YJR084W,inner,True,True,True,True,True
9,YKL012W,inner,True,True,True,True,True
9,YKL095W,inner,True,True,True,True,True
9,YKL173W,core,True,True,True,True,True
9,YKR022C,inner,True,True,True,True,True
9,YLL036C,inner,True,True,True,True,True
9,YLR117C,inner,True,True,True,True,True
9,YLR147C,inner,True,True,True,True,True
9,YLR175W,inner,True,True,True,True,True
9,YLR275W,inner,True,True,True,True,True
9,YLR298C,inner,True,True,True,True,True
9,YLR424W,inner,True,True,True,True,True
9,YLR438C,outer,True,False,False,True,False
9,YML046W,inner,True,True,True,True,True
9,YML049C,inner,True,True,True,True,True
9,YMR125W,inner,True,True,True,True,True
9,YMR213W,inner,True,True,True,True,True
9,YMR230W,inner,True,True,True,True,True
9,YMR240C,inner,True,True,True,True,True
9,YMR268C,inner,True,True,True,True,True
9,YMR288W,inner,True,True,True,True,True
9,YNL118C,inner,True,True,True,True,True
9,YNL147W,inner,True,True,True,True,True
9,YNL256W,inner,True,True,True,True,True
9,YNL286W,inner,True,True,True,True,True
9,YOL139C,inner,True,True,True,True,True
9,YOR276W,inner,True,True,True,True,True
9,YOR308C,inner,True,True,True,True,True
9,YOR319W,inner,True,True,True,True,True
9,YPL151C,inner,True,True,True,True,True
9,YPL178W,inner,True,True,True,True,True
9,YPL213W,inner,True,True,True,True,True
9,YPR057W,inner,True,True,True,True,True
9,YPR082C,inner,True,True,True,True,True
9,YPR101W,inner,True,True,True,True,True
9,YPR152C,inner,False,True,True,True,True
9,YPR161C,inner,True,True,True,True,True
9,YPR178W,inner,True,True,True,True,True
9,YPR182W,inner,True,True,True,True,True
11,YDL083C,inner,True,True,True,True,True
11,YDL136W,inner,True,True,True,True,True
11,YDR382W,inner,True,True,True,True,True
11,YDR450W,inner,True,True,True,True,True
11,YDR460W,core,True,True,True,True,True
11,YGR034W,core,True,True,True,True,True
11,YGR281W,inner,True,True,True,True,True
11,YLR075W,inner,True,True,True,True,True
11,YLR270W,inner,True,True,True,True,True
11,YMR143W,inner,True,True,True,True,True
11,YOR173W,core,True,True,True,True,True
11,YOR234C,core,True,True,True,True,True
11,YPR025C,inner,True,True,True,True,True
13,YBL035C,core,True,True,True,True,True
13,YBR181C,core,True,True,True,True,True
13,YDR292C,core,True,True,True,True,True
13,YIR008C,core,True,True,True,True,True
13,YKL045W,core,True,True,True,True,True
13,YKL154W,inner,True,True,True,True,True
13,YNL102W,core,True,True,True,True,True
13,YOR217W,inner,True,True,True,True,True
15,YAR002W,core,True,True,True,True,True
15,YDR257C,inner,True,True,True,True,True
15,YLL021W,inner,True,True,True,True,True
15,YLR347C,core,True,True,True,True,True
15,YMR308C,core,True,True,True,True,True
15,YMR310C,inner,True,True,True,True,True
15,YNL189W,core,True,True,True,True,True
15,YNL224C,core,True,True,True,True,True
15,YOR098C,core,True,True,True,True,True
15,YPL020C,core,True,True,True,True,True
16,YAL036C,core,True,True,True,True,True
16,YHL015W,core,True,True,True,True,True
17,YJR041C,core,True,True,True,True,True
17,YKL014C,inner,True,True,True,True,True
17,YLR221C,core,True,True,True,True,True
17,YNL104C,core,True,True,True,True,True
17,YNR038W,inner,True,True,True,True,True
17,YOL058W,core,True,True,True,True,True
17,YOL144W,core,True,True,True,True,True
17,YOR108W,core,True,True,True,True,True
19,YBL087C,inner,True,True,True,True,True
19,YBR142W,inner,True,True,True,True,True
19,YBR153W,inner,True,True,True,True,True
19,YCL054W,inner,True,True,True,True,True
19,YCR072C,inner,True,True,True,True,True
19,YDL031W,inner,True,True,True,True,True
19,YDL075W,inner,True,True,True,True,True
19,YDL082W,inner,True,True,True,True,True
19,YDR060W,inner,True,True,True,True,True
19,YDR087C,inner,True,True,True,True,True
19,YDR101C,inner,True,True,True,True,True
19,YDR496C,core,True,True,True,True,True
19,YEL054C,inner,True,True,True,True,True
19,YER006W,core,True,True,True,True,True
19,YER126C,inner,True,True,True,True,True
19,YFL002C,inner,True,True,True,True,True
19,YFR001W,inner,True,True,True,True,True
19,YGL029W,inner,True,True,True,True,True
19,YGL030W,inner,True,True,True,True,True
19,YGL076C,inner,True,True,True,True,True
19,YGL099W,inner,True,True,True,True,True
19,YGL103W,inner,True,True,True,True,True
19,YGL111W,inner,True,True,True,True,True
19,YGR085C,inner,True,True,True,True,True
19,YGR103W,core,True,True,True,True,True
19,YGR245C,inner,True,True,True,True,True
19,YHR010W,inner,True,True,True,True,True
19,YHR052W,core,True,True,True,True,True
19,YHR085W,inner,True,True,True,True,True
19,YHR088W,inner,True,True,True,True,True
19,YHR197W,inner,True,True,True,True,True
19,YIL133C,inner,True,True,True,True,True
19,YKL009W,inner,True,True,True,True,True
19,YKL014C,inner,True,True,True,True,True
19,YKL021C,inner,True,True,True,True,True
19,YKL172W,inner,True,True,True,True,True
19,YKR081C,core,True,True,True,True,True
19,YLL008W,inner,True,True,True,True,True
19,YLL034C,inner,True,True,True,True,True
19,YLL045C,inner,True,True,True,True,True
19,YLR002C,inner,True,True,True,True,True
19,YLR029C,inner,True,True,True,True,True
19,YLR074C,inner,True,True,True,True,True
19,YLR106C,inner,True,True,True,True,True
19,YLR196W,inner,True,True,True,True,True
19,YLR276C,inner,True,True,True,True,True
19,YLR406C,inner,True,True,True,True,True
19,YLR449W,inner,True,True,True,True,True
19,YMR049C,inner,True,True,True,True,True
19,YMR121C,inner,True,True,True,True,True
19,YMR242C,inner,True,True,True,True,True
19,YMR290C,inner,True,True,True,True,True
19,YNL002C,inner,True,True,True,True,True
19,YNL061W,core,True,True,True,True,True
19,YNL110C,core,True,True,True,True,True
19,YNL175C,inner,True,True,True,True,True
19,YNL182C,inner,True,True,True,True,True
19,YNR053C,inner,True,True,True,True,True
19,YOL077C,core,True,True,True,True,True
19,YOL127W,inner,True,True,True,True,True
19,YOR063W,inner,True,True,True,True,True
19,YOR206W,core,True,True,True,True,True
19,YOR252W,inner,True,True,True,True,True
19,YOR272W,core,True,True,True,True,True
19,YPL012W,inner,True,True,True,True,True
19,YPL043W,core,True,True,True,True,True
19,YPL093W,core,True,True,True,True,True
19,YPL131W,inner,True,True,True,True,True
19,YPL143W,inner,True,True,True,True,True
19,YPL211W,inner,True,True,True,True,True
19,YPR016C,core,True,True,True,True,True
19,YPR102C,inner,True,True,True,True,True
20,YBR101C,core,True,True,True,True,True
20,YML026C,core,True,True,True,True,True
21,YOR294W,inner,True,True,True,True,True
21,YPR043W,inner,True,True,True,True,True
22,YDL195W,core,True,True,True,True,True
22,YGR116W,inner,True,True,True,True,True
22,YHR098C,inner,True,True,True,True,True
22,YIL109C,core,True,True,True,True,True
22,YLR208W,core,True,True,True,True,True
22,YNL049C,core,True,True,True,True,True
22,YPL085W,core,True,True,True,True,True
22,YPR181C,core,True,True,True,True,True
23,YBL027W,inner,False,True,True,True,True
23,YBR181C,inner,True,True,True,True,True
23,YDL082W,inner,False,True,True,True,True
23,YDL083C,inner,True,True,True,True,True
23,YGL031C,inner,True,True,True,True,True
23,YGL147C,inner,False,True,True,True,True
23,YGR214W,inner,True,True,True,True,True
23,YHR203C,inner,False,True,True,True,True
23,YIL018W,inner,False,True,True,True,True
23,YKR057W,inner,False,True,True,True,True
23,YLR048W,inner,False,True,True,True,True
23,YLR441C,inner,False,True,True,True,True
23,YML063W,inner,False,True,True,True,True
25,YDR447C,inner,False,True,True,True,True
25,YGR081C,core,True,True,True,True,True
25,YIL069C,inner,True,True,True,True,True
25,YJR145C,inner,True,True,True,True,True
26,YBL004W,inner,True,True,True,True,True
26,YBL072C,inner,True,True,True,True,True
26,YBR048W,inner,True,True,True,True,True
26,YBR189W,inner,True,True,True,True,True
26,YBR247C,core,True,True,True,True,True
26,YCL031C,inner,True,True,True,True,True
26,YCL059C,core,True,True,True,True,True
26,YCR057C,core,True,True,True,True,True
26,YDL014W,inner,True,True,True,True,True
26,YDL148C,core,True,True,True,True,True
26,YDL166C,inner,True,True,True,True,True
26,YDL213C,inner,True,True,True,True,True
26,YDR064W,inner,True,True,True,True,True
26,YDR299W,core,True,True,True,True,True
26,YDR324C,inner,True,True,True,True,True
26,YDR365C,inner,True,True,True,True,True
26,YDR449C,core,True,True,True,True,True
26,YER074W,inner,True,True,True,True,True
26,YER082C,core,True,True,True,True,True
26,YGL171W,inner,True,True,True,True,True
26,YGR090W,core,True,True,True,True,True
26,YGR128C,inner,True,True,True,True,True
26,YGR145W,inner,True,True,True,True,True
26,YHR089C,inner,True,True,True,True,True
26,YHR148W,inner,True,True,True,True,True
26,YHR169W,inner,True,True,True,True,True
26,YHR196W,core,True,True,True,True,True
26,YJL033W,inner,True,True,True,True,True
26,YJL069C,inner,True,True,True,True,True
26,YJL109C,core,True,True,True,True,True
26,YJR002W,inner,True,True,True,True,True
26,YKR060W,inner,True,True,True,True,True
26,YLL011W,inner,True,True,True,True,True
26,YLR003C,inner,True,True,True,True,True
26,YLR129W,inner,True,True,True,True,True
26,YLR186W,inner,True,True,True,True,True
26,YLR197W,inner,True,True,True,True,True
26,YLR222C,inner,True,True,True,True,True
26,YLR409C,inner,True,True,True,True,True
26,YML130C,inner,True,True,True,True,True
26,YMR093W,inner,True,True,True,True,True
26,YMR128W,inner,True,True,True,True,True
26,YMR143W,inner,True,True,True,True,True
26,YMR194W,inner,True,True,True,True,True
26,YMR229C,inner,True,True,True,True,True
26,YNL075W,inner,True,True,True,True,True
26,YNL132W,inner,True,True,True,True,True
26,YNL255C,inner,True,True,True,True,True
26,YNL308C,inner,True,True,True,True,True
26,YNR043W,inner,True,True,True,True,True
26,YOL010W,inner,True,True,True,True,True
26,YOR056C,inner,True,True,True,True,True
26,YOR078W,core,True,True,True,True,True
26,YOR096W,inner,True,True,True,True,True
26,YOR145C,inner,True,True,True,True,True
26,YOR310C,core,True,True,True,True,True
26,YPL070W,inner,True,True,True,True,True
26,YPL126W,inner,True,True,True,True,True
26,YPL217C,inner,True,True,True,True,True
26,YPL266W,inner,True,True,True,True,True
26,YPR112C,inner,True,True,True,True,True
26,YPR137W,core,True,True,True,True,True
26,YPR144C,core,True,True,True,True,True
27,YGL213C,core,True,True,True,True,True
27,YLR398C,core,True,True,True,True,True
28,YDL060W,core,True,True,True,True,True
28,YDR025W,inner,True,True,True,True,True
28,YDR283C,core,True,True,True,True,True
28,YGR054W,core,True,True,True,True,True
28,YKL143W,core,True,True,True,True,True
28,YKR057W,core,True,True,True,True,True
28,YML091C,core,True,True,True,True,True
28,YMR110C,inner,True,True,True,True,True
28,YNL207W,core,True,True,True,True,True
28,YOR056C,core,True,True,True,True,True
28,YPL204W,core,True,True,True,True,True
29,YDL051W,core,True,True,True,True,True
29,YDL092W,core,True,True,True,True,True
29,YER155C,inner,True,True,True,True,True
29,YKL122C,core,True,True,True,True,True
29,YLR452C,core,True,True,True,True,True
29,YML105C,core,True,True,True,True,True
29,YOR374W,inner,True,True,True,True,True
29,YPL210C,core,True,True,True,True,True
29,YPL243W,core,True,True,True,True,True
29,YPR088C,core,True,True,True,True,True
31,YCL011C,inner,True,True,True,True,True
31,YDL084W,core,True,True,True,True,True
31,YDR138W,core,True,True,True,True,True
31,YDR381W,core,True,True,True,True,True
31,YHR167W,core,True,True,True,True,True
31,YJR121W,inner,True,True,True,True,True
31,YML034W,inner,True,True,True,True,True
31,YML062C,core,True,True,True,True,True
31,YNL004W,core,True,True,True,True,True
31,YNL139C,core,True,True,True,True,True
31,YNL251C,inner,True,True,True,True,True
31,YNL253W,core,True,True,True,True,True
31,YOR211C,inner,True,True,True,True,True
32,YAL035W,inner,True,True,True,True,True
32,YBL024W,inner,True,True,True,True,True
32,YBR079C,core,True,True,True,True,True
32,YBR086C,inner,True,True,True,True,True
32,YDL149W,inner,True,True,True,True,True
32,YDR091C,core,True,True,True,True,True
32,YDR137W,inner,True,True,True,True,True
32,YDR429C,core,True,True,True,True,True
32,YER102W,inner,True,True,True,True,True
32,YGR054W,inner,True,True,True,True,True
32,YLR039C,inner,True,True,True,True,True
32,YLR192C,core,True,True,True,True,True
32,YLR264W,inner,True,True,True,True,True
32,YLR359W,inner,True,True,True,True,True
32,YMR146C,core,True,True,True,True,True
32,YMR309C,core,True,True,True,True,True
32,YNL096C,core,True,True,True,True,True
32,YNL244C,core,True,True,True,True,True
32,YOR293W,inner,True,True,True,True,True
32,YOR361C,core,True,True,True,True,True
32,YPL081W,inner,True,True,True,True,True
32,YPR041W,core,True,True,True,True,True
32,YPR086W,inner,True,True,True,True,True
33,YBL002W,inner,True,True,True,True,True
33,YBR278W,core,True,True,True,True,True
33,YDR121W,core,True,True,True,True,True
33,YJL065C,inner,True,True,True,True,True
33,YNL262W,core,True,True,True,True,True
33,YPR175W,core,True,True,True,True,True
34,YBL038W,core,True,True,True,True,True
34,YBR122C,core,True,True,True,True,True
34,YBR282W,core,True,True,True,True,True
34,YCL014W,core,True,True,True,True,True
34,YCR030C,inner,True,True,True,True,True
34,YCR046C,core,True,True,True,True,True
34,YCR071C,core,True,True,True,True,True
34,YDR116C,core,True,True,True,True,True
34,YDR164C,inner,True,True,True,True,True
34,YDR237W,core,True,True,True,True,True
34,YDR296W,core,True,True,True,True,True
34,YDR322W,core,True,True,True,True,True
34,YDR405W,core,True,True,True,True,True
34,YDR462W,core,True,True,True,True,True
34,YGL043W,inner,True,True,True,True,True
34,YGR220C,core,True,True,True,True,True
34,YHR147C,core,True,True,True,True,True
34,YIL104C,inner,True,True,True,True,True
34,YJL005W,inner,True,True,True,True,True
34,YJL063C,core,True,True,True,True,True
34,YKL167C,core,True,True,True,True,True
34,YKR006C,core,True,True,True,True,True
34,YKR085C,core,True,True,True,True,True
34,YLR189C,core,True,True,True,True,True
34,YLR312W,inner,True,False,False,True,False
34,YLR371W,inner,True,True,True,True,True
34,YLR439W,core,True,True,True,True,True
34,YML009C,core,True,True,True,True,True
34,YML025C,core,True,True,True,True,True
34,YMR024W,core,True,True,True,True,True
34,YMR064W,core,True,True,True,True,True
34,YMR098C,core,True,True,True,True,True
34,YMR193W,core,True,True,True,True,True
34,YMR225C,core,True,True,True,True,True
34,YNL005C,core,True,True,True,True,True
34,YNL177C,core,True,True,True,True,True
34,YNL185C,inner,True,True,True,True,True
34,YNL252C,core,True,True,True,True,True
34,YNL284C,core,True,True,True,True,True
34,YOR150W,core,True,True,True,True,True
34,YOR201C,core,True,True,True,True,True
34,YPL183W,inner,True,True,False,True,True
34,YPR100W,core,True,True,True,True,True
35,YAL042W,inner,True,True,True,True,True
35,YBR229C,core,True,True,True,True,True
35,YDL145C,core,True,True,True,True,True
35,YDR221W,inner,True,True,True,True,True
35,YDR238C,core,True,True,True,True,True
35,YER122C,inner,True,True,True,True,True
35,YFR051C,core,True,True,True,True,True
35,YGL137W,core,True,True,True,True,True
35,YIL076W,core,True,True,True,True,True
35,YKR067W,inner,True,True,True,True,True
35,YML067C,core,True,True,True,True,True
35,YNL287W,core,True,True,True,True,True
35,YPL010W,core,True,True,True,True,True
36,YBR011C,core,True,True,True,True,True
36,YDL203C,core,True,True,True,True,True
36,YIL018W,inner,True,True,True,True,True
36,YIL161W,inner,True,True,True,True,True
36,YLR371W,core,True,True,True,True,True
36,YLR425W,core,True,True,True,True,True
36,YNL023C,inner,True,True,True,True,True
36,YPL066W,core,True,True,True,True,True
37,YBL047C,core,True,True,True,True,True
37,YDR348C,core,True,True,True,True,True
37,YOL016C,core,True,True,True,True,True
38,YGR233C,core,True,True,True,True,True
38,YIL050W,inner,True,True,True,True,True
38,YNL138W,core,True,True,True,True,True
38,YOL001W,core,True,True,True,True,True
38,YPL031C,core,True,True,True,True,True
38,YPL219W,core,True,True,True,True,True
39,YBR267W,core,True,True,True,True,True
39,YHR170W,core,True,True,True,True,True
39,YKL180W,inner,True,True,True,True,True
39,YNL227C,core,True,True,True,True,True
39,YOR312C,inner,True,True,True,True,True
40,YCR009C,core,True,True,True,True,True
40,YDL044C,core,True,True,True,True,True
40,YDR388W,core,True,True,True,True,True
40,YLR139C,core,True,True,True,True,True
40,YMR083W,core,True,True,True,True,True
40,YPL249C,core,True,True,True,True,True
41,YER036C,core,True,True,True,True,True
41,YHL033C,core,True,True,True,True,True
41,YML073C,core,True,True,True,True,True
45,YBL003C,inner,True,True,True,True,True
45,YBR009C,core,True,True,True,True,True
45,YBR272C,inner,True,True,True,True,True
45,YDL070W,core,True,True,True,True,True
45,YDR224C,inner,True,True,True,True,True
45,YDR300C,core,True,True,True,True,True
45,YEL056W,core,True,True,True,True,True
45,YFR006W,core,True,True,True,True,True
45,YJR132W,inner,True,True,True,True,True
45,YLL022C,core,True,True,True,True,True
45,YLR325C,inner,True,True,True,True,True
45,YMR176W,core,True,True,True,True,True
45,YNL001W,inner,True,True,True,True,True
45,YNL030W,core,True,True,True,True,True
45,YOL054W,core,True,True,True,True,True
45,YOR303W,inner,True,True,True,True,True
45,YPL001W,core,True,True,True,True,True
45,YPL058C,inner,True,True,True,True,True
46,YAR007C,core,True,True,True,True,True
46,YBR114W,core,True,True,True,True,True
46,YBR136W,core,True,True,True,True,True
46,YCR028C,inner,True,True,True,True,True
46,YCR092C,core,True,True,True,True,True
46,YDL156W,core,True,True,True,True,True
46,YDR097C,core,True,True,True,True,True
46,YDR295C,inner,True,True,True,True,True
46,YDR499W,core,True,True,True,True,True
46,YHR164C,core,True,True,True,True,True
46,YIR002C,core,True,True,True,True,True
46,YJL173C,core,True,True,True,True,True
46,YML032C,core,True,True,True,True,True
46,YMR234W,inner,True,True,True,True,True
46,YNL021W,inner,True,True,True,True,True
46,YNL312W,core,True,True,True,True,True
46,YOL090W,core,True,True,True,True,True
46,YOR323C,inner,True,True,True,True,True
46,YPR065W,inner,True,True,True,True,True
46,YPR179C,inner,True,True,True,True,True
47,YDR081C,inner,False,True,True,True,True
47,YDR397C,inner,False,True,True,True,True
48,YBL002W,inner,False,True,True,True,True
48,YBL003C,inner,False,True,True,True,True
49,YBL099W,inner,True,True,True,True,True
49,YDL002C,core,True,True,True,True,True
49,YDL192W,inner,True,True,True,True,True
49,YDR190C,core,True,True,True,True,True
49,YER092W,core,True,True,True,True,True
49,YFL013C,core,True,True,True,True,True
49,YFL039C,core,True,True,True,True,True
49,YGL150C,core,True,True,True,True,True
49,YJL081C,inner,True,True,True,True,True
49,YLR052W,core,True,True,True,True,True
49,YLR454W,inner,True,True,True,True,True
49,YMR185W,inner,True,True,True,True,True
49,YNL059C,core,True,True,True,True,True
49,YNL107W,inner,True,True,True,True,True
49,YOR141C,core,True,True,True,True,True
49,YPL053C,inner,True,True,True,True,True
49,YPL235W,core,True,True,True,True,True
50,YAL013W,core,True,True,True,True,True
50,YBR095C,core,True,True,True,True,True
50,YCR084C,core,True,True,True,True,True
50,YDL076C,core,True,True,True,True,True
50,YDR207C,core,True,True,True,True,True
50,YEL018W,inner,True,True,True,True,True
50,YIL084C,core,True,True,True,True,True
50,YIL101C,inner,True,True,True,True,True
50,YKL072W,inner,True,True,True,True,True
50,YLR103C,inner,True,True,True,True,True
50,YMR075W,core,True,True,True,True,True
50,YMR263W,core,True,True,True,True,True
50,YNL097C,core,True,True,True,True,True
50,YNL330C,core,True,True,True,True,True
50,YOL004W,core,True,True,True,True,True
50,YPL139C,core,True,True,True,True,True
50,YPL181W,core,True,True,True,True,True
50,YPR023C,core,True,True,True,True,True
51,YBL007C,core,True,True,True,True,True
51,YBL027W,inner,True,True,True,True,True
51,YBL047C,inner,True,True,True,True,True
51,YDL191W,inner,True,True,True,True,True
51,YDR348C,inner,True,True,True,True,True
51,YFR024C,core,True,True,True,True,True
51,YGL206C,inner,True,True,True,True,True
51,YGR167W,inner,True,True,True,True,True
51,YHR114W,core,True,True,True,True,True
51,YIR006C,inner,True,True,True,True,True
51,YJL201W,core,True,True,True,True,True
51,YLR150W,inner,True,True,True,True,True
51,YLR337C,inner,True,True,True,True,True
51,YML001W,inner,True,True,True,True,True
51,YNL084C,inner,True,True,True,True,True
51,YNL168C,inner,True,True,True,True,True
51,YNL243W,inner,True,True,True,True,True
51,YOR181W,core,True,True,True,True,True
52,YBL037W,core,True,True,True,True,True
52,YJR005W,core,True,True,True,True,True
52,YOL062C,core,True,True,True,True,True
54,YBR158W,core,True,True,True,True,True
54,YDR418W,core,True,True,True,True,True
54,YGR163W,inner,True,True,True,True,True
54,YGR285C,core,True,True,True,True,True
54,YHR064C,core,True,True,True,True,True
54,YOL121C,inner,True,True,True,True,True
55,YGL135W,inner,False,True,True,True,True
55,YML024W,inner,False,True,True,True,True
57,YBR094W,core,True,True,True,True,True
57,YEL015W,core,True,True,True,True,True
57,YOL149W,core,True,True,True,True,True
58,YBL050W,inner,True,True,True,True,True
58,YDR189W,inner,True,True,True,True,True
58,YDR264C,inner,True,True,True,True,True
58,YDR498C,core,True,True,True,True,True
58,YGL095C,inner,True,True,True,True,True
58,YGL098W,core,True,True,True,True,True
58,YGL145W,core,True,True,True,True,True
58,YKL196C,core,True,True,True,True,True
58,YLR268W,core,True,True,True,True,True
58,YLR440C,core,True,True,True,True,True
58,YMR197C,core,True,True,True,True,True
58,YNL258C,core,True,True,True,True,True
58,YOR036W,inner,True,True,True,True,True
58,YOR075W,core,True,True,True,True,True
58,YOR212W,inner,True,True,True,True,True
59,YHR117W,core,True,True,True,True,True
59,YKL006W,core,True,True,True,True,True
60,YDR328C,core,True,True,True,True,True
60,YGL130W,core,True,True,True,True,True
60,YJR033C,inner,True,True,True,True,True
60,YKR014C,core,True,True,True,True,True
60,YMR258C,core,True,True,True,True,True
60,YOR347C,inner,True,True,True,True,True
60,YOR370C,core,True,True,True,True,True
60,YOR375C,core,True,True,True,True,True
60,YPL228W,core,True,True,True,True,True
61,YBL041W,inner,True,True,True,True,True
61,YDL007W,inner,True,True,True,True,True
61,YDL097C,core,True,True,True,True,True
61,YDL147W,core,True,True,True,True,True
61,YDL216C,inner,True,True,True,True,True
61,YDR179C,inner,True,True,True,True,True
61,YDR394W,inner,True,True,True,True,True
61,YDR427W,core,True,True,True,True,True
61,YER012W,inner,True,True,True,True,True
61,YER021W,core,True,True,True,True,True
61,YER094C,inner,True,True,True,True,True
61,YFR004W,core,True,True,True,True,True
61,YFR010W,core,True,True,True,True,True
61,YFR050C,inner,True,True,True,True,True
61,YFR052W,core,True,True,True,True,True
61,YGL011C,inner,True,True,True,True,True
61,YGL048C,inner,True,True,True,True,True
61,YGR135W,inner,True,True,True,True,True
61,YGR232W,inner,True,True,True,True,True
61,YHL030W,core,True,True,True,True,True
61,YHR027C,core,True,True,True,True,True
61,YHR042W,inner,True,True,True,True,True
61,YHR200W,core,True,True,True,True,True
61,YIL071C,inner,True,True,True,True,True
61,YIL075C,core,True,True,True,True,True
61,YJL001W,core,True,True,True,True,True
61,YKL145W,core,True,True,True,True,True
61,YKL210W,inner,True,True,True,True,True
61,YLR421C,core,True,True,True,True,True
61,YML092C,inner,True,True,True,True,True
61,YMR025W,inner,True,True,True,True,True
61,YMR314W,core,True,True,True,True,True
61,YNL250W,inner,True,True,True,True,True
61,YOL038W,core,True,True,True,True,True
61,YOL087C,inner,True,True,True,True,True
61,YOL098C,inner,True,True,True,True,True
61,YOL117W,inner,True,True,True,True,True
61,YOR117W,inner,True,True,True,True,True
61,YOR259C,inner,True,True,True,True,True
61,YOR261C,core,True,True,True,True,True
61,YOR362C,inner,True,True,True,True,True
61,YPR103W,inner,True,True,True,True,True
61,YPR108W,core,True,True,True,True,True
62,YFR009W,core,True,True,True,True,True
62,YKL029C,core,True,True,True,True,True
62,YML124C,core,True,True,True,True,True
62,YNR016C,inner,True,True,True,True,True
63,YBR105C,core,True,True,True,True,True
63,YDR228C,core,True,True,True,True,True
63,YGL044C,core,True,True,True,True,True
63,YGL227W,inner,True,True,True,True,True
63,YHR216W,core,True,True,True,True,True
63,YOR250C,core,True,True,True,True,True
64,YCR035C,core,True,True,True,True,True
64,YDL111C,core,True,True,True,True,True
64,YDR280W,core,True,True,True,True,True
64,YGL213C,inner,True,True,True,True,True
64,YGR095C,core,True,True,True,True,True
64,YGR158C,core,True,True,True,True,True
64,YGR195W,core,True,True,True,True,True
64,YHR069C,core,True,True,True,True,True
64,YHR081W,core,True,True,True,True,True
64,YIR035C,inner,True,True,True,True,True
64,YKL126W,inner,True,True,True,True,True
64,YLR398C,inner,True,True,True,True,True
64,YNL189W,core,True,True,True,True,True
64,YNL232W,core,True,True,True,True,True
64,YOL021C,core,True,True,True,True,True
64,YOL142W,core,True,True,True,True,True
64,YOR001W,core,True,True,True,True,True
64,YOR076C,core,True,True,True,True,True
64,YPR189W,inner,True,True,True,True,True
66,YBL027W,inner,True,True,True,True,True
66,YDL003W,core,True,True,True,True,True
66,YDR180W,inner,True,True,True,True,True
66,YER147C,core,True,True,True,True,True
66,YFL008W,core,True,True,True,True,True
66,YJL008C,inner,True,True,True,True,True
66,YJL074C,core,True,True,True,True,True
66,YPL090C,inner,True,True,True,True,True
67,YDR158W,core,True,True,True,True,True
67,YER086W,core,True,True,True,True,True
67,YJR109C,core,True,True,True,True,True
69,YBL027W,inner,False,True,True,True,True
69,YDL082W,inner,False,True,True,True,True
69,YGL147C,inner,False,True,True,True,True
69,YIL018W,inner,False,True,True,True,True
69,YLR448W,inner,False,True,True,True,True
70,YBL022C,core,True,True,True,True,True
70,YBR084W,core,True,True,True,True,True
70,YFR031C,core,True,True,True,True,True
71,YBR136W,core,True,True,True,True,True
71,YBR143C,core,True,True,True,True,True
71,YDL058W,core,True,True,True,True,True
71,YDR172W,core,True,True,True,True,True
71,YHR203C,inner,True,True,True,True,True
71,YIL129C,core,True,True,True,True,True
71,YLR386W,core,True,True,True,True,True
71,YML081W,inner,True,True,True,True,True
71,YOR187W,inner,True,True,True,True,True
71,YPL083C,core,True,True,True,True,True
72,YER081W,core,True,True,True,True,True
72,YIL074C,core,True,True,True,True,True
73,YHR012W,core,True,True,True,True,True
73,YJL053W,core,True,True,True,True,True
73,YJL154C,core,True,True,True,True,True
73,YOR069W,core,True,True,True,True,True
73,YOR132W,core,True,True,True,True,True
74,YGR123C,inner,True,True,True,True,True
74,YOR027W,inner,True,True,True,True,True
74,YPL161C,inner,True,True,True,True,True
74,YPL240C,core,True,True,True,True,True
75,YBL076C,inner,True,True,True,True,True
75,YBR058C,inner,True,True,True,True,True
75,YBR121C,core,True,True,True,True,True
75,YCL050C,inner,True,True,True,True,True
75,YDL112W,core,True,True,True,True,True
75,YDR335W,inner,True,True,True,True,True
75,YDR341C,core,True,True,True,True,True
75,YDR457W,core,True,True,True,True,True
75,YDR502C,inner,True,True,True,True,True
75,YFL045C,inner,True,True,True,True,True
75,YGL238W,core,True,True,True,True,True
75,YGR204W,core,True,True,True,True,True
75,YHR128W,core,True,True,True,True,True
75,YJL052W,core,True,True,True,True,True
75,YJL200C,inner,True,True,True,True,True
75,YKL067W,core,True,True,True,True,True
75,YLL018C,core,True,True,True,True,True
75,YLL040C,core,True,True,True,True,True
75,YLR180W,inner,True,True,True,True,True
75,YLR355C,core,True,True,True,True,True
75,YPL218W,core,True,True,True,True,True
76,YGL167C,core,True,True,True,True,True
76,YNL169C,core,True,True,True,True,True
78,YBL036C,inner,True,True,True,True,True
78,YBL039C,core,True,True,True,True,True
78,YHL011C,inner,True,True,True,True,True
78,YPL220W,inner,True,True,True,True,True
79,YBR263W,core,True,True,True,True,True
79,YOL120C,core,True,True,True,True,True
79,YOR048C,core,True,True,True,True,True
79,YPL009C,core,True,True,True,True,True
81,YEL002C,core,True,True,True,True,True
81,YGL022W,core,True,True,True,True,True
81,YJL002C,core,True,True,True,True,True
81,YKL181W,inner,True,True,True,True,True
81,YMR149W,core,True,True,True,True,True
82,YBL027W,inner,True,True,True,True,True
82,YBL032W,core,True,True,True,True,True
82,YBR084C,outer,True,False,False,True,False
82,YFL034W,core,True,True,True,True,True
82,YGL147C,inner,True,True,True,True,True
82,YHL019C,core,True,True,True,True,True
82,YKL135C,core,True,True,True,True,True
82,YLR170C,core,True,True,True,True,True
82,YPL259C,core,True,True,True,True,True
82,YPR029C,core,True,True,True,True,True
83,YDL167C,core,True,True,True,True,True
83,YDR432W,core,True,True,True,True,True
83,YIR001C,core,True,True,True,True,True
83,YML117W,core,True,True,True,True,True
83,YNL016W,core,True,True,True,True,True
84,YDR214W,inner,True,True,True,True,True
84,YER090W,core,True,True,True,True,True
84,YHR019C,core,True,True,True,True,True
84,YKL211C,core,True,True,True,True,True
84,YLR180W,core,True,True,True,True,True
84,YMR012W,core,True,True,True,True,True
85,YAL034C,core,True,True,True,True,True
85,YAR002W,core,True,True,True,True,True
85,YCL009C,inner,True,True,True,True,True
85,YER110C,core,True,True,True,True,True
85,YGL191W,inner,True,True,True,True,True
85,YLR335W,core,True,True,True,True,True
85,YML063W,inner,True,True,True,True,True
85,YPR174C,core,True,True,True,True,True
86,YDR127W,core,True,True,True,True,True
86,YMR186W,core,True,True,True,True,True
86,YMR299C,core,True,True,True,True,True
88,YGL082W,core,True,True,True,True,True
88,YLR304C,core,True,True,True,True,True
88,YMR246W,core,True,True,True,True,True
89,YML006C,core,True,True,True,True,True
89,YMR205C,core,True,True,True,True,True
90,YDR062W,core,True,True,True,True,True
90,YDR502C,core,True,True,True,True,True
90,YMR296C,core,True,True,True,True,True
91,YAL012W,core,True,True,True,True,True
91,YGR218W,inner,True,True,True,True,True
91,YMR235C,core,True,True,True,True,True
91,YMR300C,core,True,True,True,True,True
92,YDR084C,core,True,True,True,True,True
92,YKL152C,core,True,True,True,True,True
93,YBR017C,core,True,True,True,True,True
93,YOL123W,core,True,True,True,True,True
94,YBL046W,core,True,True,True,True,True
94,YBR236C,inner,False,True,True,True,True
94,YDR075W,core,True,True,True,True,True
94,YDR379W,core,True,True,True,True,True
94,YIL153W,core,True,True,True,True,True
94,YNL201C,core,True,True,True,True,True
95,YDL117W,core,True,True,True,True,True
95,YDR001C,core,True,True,True,True,True
95,YDR099W,core,True,True,True,True,True
95,YER177W,core,True,True,True,True,True
95,YGL252C,core,True,True,True,True,True
96,YER095W,core,True,True,True,True,True
96,YLR450W,core,True,True,True,True,True
96,YML075C,core,True,True,True,True,True
98,YER157W,core,True,True,True,True,True
98,YGL005C,core,True,True,True,True,True
98,YGL223C,core,True,True,True,True,True
98,YGR120C,core,True,True,True,True,True
98,YML071C,core,True,True,True,True,True
98,YNL041C,core,True,True,True,True,True
98,YNL051W,core,True,True,True,True,True
98,YPR105C,core,True,True,True,True,True
99,YAL016W,core,True,True,True,True,True
99,YAL024C,inner,True,True,True,True,True
99,YBR103W,core,True,True,True,True,True
99,YCR033W,inner,True,True,True,True,True
99,YDL047W,inner,True,True,True,True,True
99,YDL134C,inner,True,True,True,True,True
99,YDL188C,inner,True,True,True,True,True
99,YDR155C,inner,True,True,True,True,True
99,YGL190C,inner,True,True,True,True,True
99,YGL194C,inner,True,True,True,True,True
99,YGR161C,inner,True,True,True,True,True
99,YIL112W,inner,True,True,True,True,True
99,YKR028W,inner,True,True,True,True,True
99,YKR029C,inner,True,True,True,True,True
99,YML109W,inner,True,True,True,True,True
99,YMR273C,core,True,True,True,True,True
99,YOL068C,inner,True,True,True,True,True
99,YOR014W,core,True,True,True,True,True
99,YOR349W,inner,True,True,True,True,True
99,YPR040W,inner,True,True,True,True,True
100,YBR214W,inner,True,True,True,True,True
100,YBR225W,outer,True,False,False,True,False
100,YDL047W,core,True,True,True,True,True
100,YDL219W,inner,True,True,True,True,True
100,YFR019W,core,True,True,True,True,True
100,YFR040W,core,True,True,True,True,True
100,YGL056C,inner,True,True,True,True,True
100,YGL197W,core,True,True,True,True,True
100,YGR161C,core,True,True,True,True,True
100,YJL098W,core,True,True,True,True,True
100,YKL117W,inner,True,True,True,True,True
100,YKR028W,core,True,True,True,True,True
100,YLR310C,core,True,True,True,True,True
100,YOR267C,core,True,True,True,True,True
100,YPL049C,inner,True,True,True,True,True
101,YDR495C,inner,True,True,True,True,True
101,YDR517W,inner,True,True,True,True,True
101,YJL099W,core,True,True,True,True,True
101,YJL207C,inner,True,True,True,True,True
101,YKR027W,core,True,True,True,True,True
101,YLR330W,core,True,True,True,True,True
101,YMR237W,core,True,True,True,True,True
101,YOR299W,core,True,True,True,True,True
102,YBR125C,inner,True,True,True,True,True
102,YDR028C,core,True,True,True,True,True
102,YDR186C,inner,True,True,True,True,True
102,YDR422C,core,True,True,True,True,True
102,YDR477W,core,True,True,True,True,True
102,YER027C,core,True,True,True,True,True
102,YER129W,core,True,True,True,True,True
102,YGL115W,core,True,True,True,True,True
102,YGL208W,core,True,True,True,True,True
102,YGR152C,inner,True,True,True,True,True
102,YOR267C,inner,True,True,True,True,True
104,YER150W,inner,True,True,True,True,True
104,YJR142W,inner,True,True,True,True,True
104,YLR043C,inner,True,True,True,True,True
104,YLR249W,core,True,True,True,True,True
104,YOR165W,inner,True,True,True,True,True
105,YGR200C,core,True,True,True,True,True
105,YHR187W,core,True,True,True,True,True
105,YKL164C,inner,True,True,True,True,True
105,YLR384C,core,True,True,True,True,True
105,YPL086C,core,True,True,True,True,True
105,YPL101W,core,True,True,True,True,True
106,YBR234C,core,True,True,True,True,True
106,YDL029W,core,True,True,True,True,True
106,YIL062C,core,True,True,True,True,True
106,YJL008C,inner,True,True,True,True,True
106,YJR064W,inner,True,True,True,True,True
106,YJR065C,core,True,True,True,True,True
106,YKL013C,core,True,True,True,True,True
106,YLR370C,core,True,True,True,True,True
106,YNR035C,core,True,True,True,True,True
107,YBR288C,core,True,True,True,True,True
107,YGR261C,core,True,True,True,True,True
107,YJL024C,core,True,True,True,True,True
107,YPL195W,core,True,True,True,True,True
108,YAL027W,inner,True,True,True,True,True
108,YCL024W,core,True,True,True,True,True
108,YDR174W,core,True,True,True,True,True
108,YDR507C,core,True,True,True,True,True
108,YGL241W,core,True,True,True,True,True
108,YKL112W,inner,True,True,True,True,True
108,YKR048C,core,True,True,True,True,True
108,YLR133W,inner,True,True,True,True,True
108,YMR139W,inner,True,True,True,True,True
108,YNL078W,core,True,True,True,True,True
108,YOL070C,core,True,True,True,True,True
109,YJR122W,core,True,True,True,True,True
109,YNL216W,core,True,True,True,True,True
109,YPL128C,core,True,True,True,True,True
110,YDL042C,core,True,True,True,True,True
110,YGR208W,core,True,True,True,True,True
110,YJL076W,core,True,True,True,True,True
111,YAL017W,inner,True,True,True,True,True
111,YBR081C,core,True,True,True,True,True
111,YBR198C,core,True,True,True,True,True
111,YCL010C,core,True,True,True,True,True
111,YCR042C,inner,True,True,True,True,True
111,YDR044W,inner,True,True,True,True,True
111,YDR145W,core,True,True,True,True,True
111,YDR167W,core,True,True,True,True,True
111,YDR176W,core,True,True,True,True,True
111,YDR392W,core,True,True,True,True,True
111,YDR448W,core,True,True,True,True,True
111,YER148W,inner,True,True,True,True,True
111,YGL066W,core,True,True,True,True,True
111,YGL112C,core,True,True,True,True,True
111,YGR094W,inner,True,True,True,True,True
111,YGR252W,core,True,True,True,True,True
111,YGR274C,core,True,True,True,True,True
111,YHR099W,inner,True,True,True,True,True
111,YKL078W,inner,True,True,True,True,True
111,YLR055C,core,True,True,True,True,True
111,YML015C,inner,True,True,True,True,True
111,YML098W,inner,True,True,True,True,True
111,YML114C,inner,True,True,True,True,True
111,YMR005W,inner,True,True,True,True,True
111,YMR223W,core,True,True,True,True,True
111,YMR227C,core,True,True,True,True,True
111,YMR236W,core,True,True,True,True,True
111,YNL272C,inner,True,True,True,True,True
111,YOL148C,core,True,True,True,True,True
111,YPL011C,inner,True,True,True,True,True
111,YPL254W,core,True,True,True,True,True
112,YAL038W,inner,True,True,True,True,True
112,YDR148C,core,True,True,True,True,True
112,YFL018C,core,True,True,True,True,True
112,YFR049W,core,True,True,True,True,True
112,YIL125W,core,True,True,True,True,True
112,YMR211W,inner,True,True,True,True,True
113,YEL055C,core,True,True,True,True,True
113,YPL207W,core,True,True,True,True,True
114,YBL090W,core,True,True,True,True,True
114,YBR146W,core,True,True,True,True,True
114,YBR251W,core,True,True,True,True,True
114,YDR036C,core,True,True,True,True,True
114,YDR041W,core,True,True,True,True,True
114,YDR175C,core,True,True,True,True,True
114,YDR337W,core,True,True,True,True,True
114,YDR347W,core,True,True,True,True,True
114,YER091C,inner,True,True,True,True,True
114,YGL129C,core,True,True,True,True,True
114,YGL180W,inner,True,True,True,True,True
114,YGL232W,inner,True,True,True,True,True
114,YGR061C,inner,True,True,True,True,True
114,YGR084C,core,True,True,True,True,True
114,YGR165W,core,True,True,True,True,True
114,YGR170W,core,True,True,True,True,True
114,YGR215W,core,True,True,True,True,True
114,YHL004W,core,True,True,True,True,True
114,YIL093C,core,True,True,True,True,True
114,YJR101W,core,True,True,True,True,True
114,YJR113C,core,True,True,True,True,True
114,YKL003C,core,True,True,True,True,True
114,YKL155C,core,True,True,True,True,True
114,YMR158W,core,True,True,True,True,True
114,YMR188C,core,True,True,True,True,True
114,YNL137C,core,True,True,True,True,True
114,YNL186W,core,True,True,True,True,True
114,YNL306W,core,True,True,True,True,True
114,YNR030W,inner,True,True,True,True,True
114,YNR036C,inner,True,True,True,True,True
114,YNR037C,core,True,True,True,True,True
114,YOL115W,inner,True,True,True,True,True
114,YOR158W,core,True,True,True,True,True
114,YOR204W,inner,True,True,True,True,True
114,YOR205C,core,True,True,True,True,True
114,YOR243C,core,True,True,True,True,True
114,YOR356W,inner,True,True,True,True,True
114,YPL013C,core,True,True,True,True,True
114,YPL118W,core,True,True,True,True,True
115,YDR311W,core,True,True,True,True,True
115,YER007C,uncertain,True,False,False,True,False
115,YJR014W,inner,True,True,True,True,True
115,YKL028W,core,True,True,True,True,True
115,YKR018C,inner,True,True,True,True,True
115,YKR062W,inner,True,True,True,True,True
115,YLR005W,core,True,True,True,True,True
115,YLR432W,inner,True,True,True,True,True
115,YML056C,inner,True,True,True,True,True
115,YNL135C,inner,True,True,True,True,True
115,YPR056W,inner,True,True,True,True,True
116,YAL034W,inner,True,False,False,True,False
116,YBR107C,core,True,True,True,True,True
116,YBR211C,core,True,True,True,True,True
116,YDR254W,core,True,True,True,True,True
116,YDR318W,core,True,True,True,True,True
116,YDR383C,core,True,True,True,True,True
116,YGR179C,core,True,True,True,True,True
116,YIR010W,core,True,True,True,True,True
116,YJR112W,inner,True,True,True,True,True
116,YJR135C,core,True,True,True,True,True
116,YLR381W,core,True,True,True,True,True
116,YPL018W,core,True,True,True,True,True
116,YPL233W,inner,True,True,True,True,True
116,YPR046W,inner,True,True,True,True,True
118,YBL104C,inner,True,True,True,True,True
118,YDL116W,core,True,True,True,True,True
118,YGL092W,core,True,True,True,True,True
118,YGL100W,core,True,True,True,True,True
118,YJR042W,core,True,True,True,True,True
118,YKL057C,core,True,True,True,True,True
118,YLR208W,core,True,True,True,True,True
118,YPL169C,core,True,True,True,True,True
119,YAR003W,core,True,True,True,True,True
119,YBR175W,core,True,True,True,True,True
119,YDR469W,core,True,True,True,True,True
119,YHR119W,core,True,True,True,True,True
119,YLR015W,core,True,True,True,True,True
119,YPL138C,core,True,True,True,True,True
120,YDR051C,inner,True,False,True,True,True
120,YER048W,inner,True,False,False,True,False
121,YBR193C,core,True,True,True,True,True
121,YBR253W,core,True,True,True,True,True
121,YCR081W,core,True,True,True,True,True
121,YDR308C,core,True,True,True,True,True
121,YDR443C,core,True,True,True,True,True
121,YER022W,core,True,True,True,True,True
121,YGL025C,core,True,True,True,True,True
121,YGL127C,inner,True,True,True,True,True
121,YGL151W,core,True,True,True,True,True
121,YGR104C,core,True,True,True,True,True
121,YHR041C,core,True,True,True,True,True
121,YHR058C,core,True,True,True,True,True
121,YKR095W,inner,True,True,True,True,True
121,YLR071C,core,True,True,True,True,True
121,YML007W,core,True,True,True,True,True
121,YMR112C,core,True,True,True,True,True
121,YNL025C,core,True,True,True,True,True
121,YNL236W,core,True,True,True,True,True
121,YNR010W,core,True,True,True,True,True
121,YOL051W,core,True,True,True,True,True
121,YOL135C,core,True,True,True,True,True
121,YOR174W,core,True,True,True,True,True
121,YPL042C,core,True,True,True,True,True
121,YPR070W,core,True,True,True,True,True
121,YPR168W,core,True,True,True,True,True
123,YFL017W,uncertain,False,False,False,False,False
123,YLR226W,uncertain,False,False,True,True,False
124,YAL009W,inner,True,True,True,True,True
124,YDL040C,core,True,True,True,True,True
124,YGR016W,inner,True,True,True,True,True
124,YHR013C,core,True,True,True,True,True
124,YPL198W,core,True,True,True,True,True
125,YBL061C,core,True,True,True,True,True
125,YDR471W,core,True,True,True,True,True
125,YGR185C,core,True,True,True,True,True
126,YDR338C,inner,False,True,True,True,True
126,YER118C,inner,False,True,True,True,True
127,YBR208C,inner,True,True,True,True,True
127,YBR221C,core,True,True,True,True,True
127,YDR430C,core,True,True,True,True,True
127,YER178W,core,True,True,True,True,True
127,YFL018C,inner,True,True,True,True,True
127,YGR193C,core,True,True,True,True,True
127,YKL104C,inner,True,True,True,True,True
127,YLR203C,inner,True,True,True,True,True
127,YNL071W,core,True,True,True,True,True
127,YOR232W,inner,True,True,True,True,True
127,YPR152C,inner,True,True,True,True,True
128,YAL002W,core,True,True,True,True,True
128,YDL077C,core,True,True,True,True,True
128,YDR080W,core,True,True,True,True,True
128,YDR495C,inner,False,True,True,True,True
128,YLR148W,core,True,True,True,True,True
128,YLR396C,core,True,True,True,True,True
128,YMR231W,core,True,True,True,True,True
128,YPL045W,core,True,True,True,True,True
129,YBL045C,core,True,True,True,True,True
129,YDL074C,core,True,True,True,True,True
129,YDL189W,core,True,True,True,True,True
129,YDR529C,core,True,True,True,True,True
129,YLR132C,core,True,True,True,True,True
129,YPR191W,core,True,True,True,True,True
130,YDL171C,core,True,True,True,True,True
130,YDR361C,core,True,True,True,True,True
130,YER117W,core,True,True,True,True,True
130,YLR257W,inner,True,True,True,True,True
130,YPL208W,core,True,True,True,True,True
131,YBL058W,core,True,True,True,True,True
131,YBR170C,core,True,True,True,True,True
131,YDL126C,core,True,True,True,True,True
131,YDR049W,core,True,True,True,True,True
131,YGL246C,core,True,True,True,True,True
131,YGR048W,core,True,True,True,True,True
131,YHR092C,inner,True,True,True,True,True
131,YML013W,inner,True,True,True,True,True
132,YDR251W,core,True,True,True,True,True
132,YNL271C,core,True,True,True,True,True
133,YDL215C,inner,True,True,True,True,True
133,YDR141C,inner,True,True,True,True,True
133,YGR086C,inner,True,True,True,True,True
133,YKL008C,inner,True,True,True,True,True
133,YKL039W,inner,True,True,True,True,True
133,YKL092C,core,True,True,True,True,True
133,YKL142W,core,True,True,True,True,True
133,YKR066C,inner,True,True,True,True,True
133,YNL297C,inner,True,True,True,True,True
133,YPL004C,inner,True,True,True,True,True
134,YBL023C,core,True,True,True,True,True
134,YBR126C,core,True,True,True,True,True
134,YBR265W,core,True,True,True,True,True
134,YDR028C,core,True,True,True,True,True
134,YDR074W,core,True,True,True,True,True
134,YML100W,core,True,True,True,True,True
134,YMR261C,core,True,True,True,True,True
134,YNL076W,core,True,True,True,True,True
134,YPL106C,inner,True,True,True,True,True
134,YPR035W,core,True,True,True,True,True
135,YLR389C,core,True,True,True,True,True
135,YMR037C,inner,True,True,True,True,True
135,YNR034W,inner,True,True,True,True,True
135,YPL184C,inner,True,True,True,True,True
137,YJL004C,core,True,True,True,True,True
137,YNL231C,core,True,True,True,True,True
138,YBR039W,core,True,True,True,True,True
138,YDR168W,core,True,True,True,True,True
138,YDR298C,inner,True,True,True,True,True
138,YLR398C,core,True,True,True,True,True
139,YAL029C,core,True,True,True,True,True
139,YBR130C,core,True,True,True,True,True
139,YBR177C,inner,True,True,True,True,True
139,YBR202W,core,True,True,True,True,True
139,YER071C,inner,True,True,True,True,True
139,YGL001C,inner,True,True,True,True,True
139,YGL106W,core,True,True,True,True,True
139,YHR023W,inner,True,True,True,True,True
139,YIL034C,core,True,True,True,True,True
139,YIR003W,inner,True,True,True,True,True
139,YKL007W,core,True,True,True,True,True
139,YKL130C,core,True,True,True,True,True
139,YMR109W,core,True,True,True,True,True
139,YPL153C,core,True,True,True,True,True
140,YDR198C,core,True,True,True,True,True
140,YDR257C,inner,False,True,True,True,True
140,YJR009C,core,True,True,True,True,True
141,YDR490C,inner,False,True,True,True,True
141,YGR130C,core,True,True,True,True,True
141,YMR031C,core,True,True,True,True,True
142,YAR042W,core,True,True,True,True,True
142,YDL019C,core,True,True,True,True,True
142,YDR150W,core,True,True,True,True,True
142,YER120W,core,True,True,True,True,True
142,YFL016C,inner,True,True,True,True,True
142,YGR086C,core,True,True,True,True,True
142,YGR246C,inner,True,True,True,True,True
142,YHL020C,core,True,True,True,True,True
142,YHR195W,inner,True,True,True,True,True
142,YLR183C,inner,True,True,True,True,True
142,YLR397C,inner,True,True,True,True,True
142,YPL004C,inner,True,True,True,True,True
143,YER053C,core,True,True,True,True,True
143,YGR130C,core,True,True,True,True,True
143,YLR333C,core,True,True,True,True,True
144,YBR196C,core,True,True,True,True,True
144,YHR036W,core,True,True,True,True,True
144,YPL109C,core,True,True,True,True,True
146,YBR060C,core,True,True,True,True,True
146,YHR118C,core,True,True,True,True,True
146,YLL004W,core,True,True,True,True,True
146,YLR103C,inner,False,True,True,True,True
146,YML065W,core,True,True,True,True,True
146,YNL261W,core,True,True,True,True,True
146,YPR162C,core,True,True,True,True,True
147,YDR359C,core,True,True,True,True,True
147,YEL018W,core,True,True,True,True,True
147,YFL024C,core,True,True,True,True,True
147,YHR099W,core,True,True,True,True,True
147,YJL081C,core,True,True,True,True,True
147,YNL107W,core,True,True,True,True,True
147,YOR244W,core,True,True,True,True,True
147,YPL074W,inner,True,True,True,True,True
147,YPR023C,core,True,True,True,True,True
148,YEL058W,core,True,True,True,True,True
148,YNL218W,core,True,True,True,True,True
149,YDR129C,inner,True,True,True,True,True
149,YDR517W,core,True,True,True,True,True
149,YFL039C,inner,True,True,True,True,True
149,YGR136W,inner,True,True,True,True,True
149,YIL172C,inner,True,True,True,True,True
149,YJR052W,inner,True,True,True,True,True
149,YNL193W,outer,True,True,False,True,True
149,YOR089C,inner,True,True,True,True,True
149,YOR231W,inner,True,True,True,True,True
150,YGL157W,inner,True,True,True,True,True
150,YLR429W,core,True,True,True,True,True
150,YMR262W,inner,True,True,True,True,True
150,YNL108C,inner,True,True,True,True,True
150,YNL225C,inner,True,True,True,True,True
150,YPR125W,inner,True,True,True,True,True
151,YBR109C,core,True,True,True,True,True
151,YKL129C,core,True,True,True,True,True
151,YLR433C,inner,True,True,True,True,True
151,YML057W,inner,True,True,True,True,True
151,YOR035C,core,True,True,True,True,True
151,YOR326W,core,True,True,True,True,True
152,YBR087W,core,True,True,True,True,True
152,YDR083W,inner,True,True,True,True,True
152,YJR068W,core,True,True,True,True,True
152,YLR048W,inner,True,True,True,True,True
152,YMR078C,core,True,True,True,True,True
152,YNL290W,core,True,True,True,True,True
152,YOL094C,core,True,True,True,True,True
152,YOR144C,core,True,True,True,True,True
152,YOR217W,core,True,True,True,True,True
152,YPR175W,inner,True,True,True,True,True
154,YJL049W,inner,False,True,True,True,True
154,YLR025W,core,True,True,True,True,True
154,YPL084W,core,True,True,True,True,True
154,YPR173C,core,True,True,True,True,True
155,YBR127C,inner,True,True,True,True,True
155,YDL185W,core,True,True,True,True,True
155,YDR202C,core,True,True,True,True,True
155,YEL051W,core,True,True,True,True,True
155,YGR020C,core,True,True,True,True,True
155,YHR039C,inner,True,True,True,True,True
155,YJR033C,core,True,True,True,True,True
155,YKL080W,core,True,True,True,True,True
155,YLR447C,inner,True,True,True,True,True
155,YMR054W,inner,True,True,True,True,True
155,YOR270C,inner,True,True,True,True,True
155,YOR332W,core,True,True,True,True,True
155,YPR036W,core,True,True,True,True,True
157,YDR516C,core,True,True,True,True,True
157,YEL013W,core,True,True,True,True,True
157,YJL012C,core,True,True,True,True,True
157,YKL119C,core,True,True,True,True,True
157,YOR270C,core,True,True,True,True,True
157,YPR149W,inner,True,True,True,True,True
158,YAL059W,core,True,True,True,True,True
158,YBR115C,core,True,True,True,True,True
158,YDR395W,core,True,True,True,True,True
158,YGL154C,inner,True,True,True,True,True
159,YJL101C,core,True,True,True,True,True
159,YOR136W,core,True,True,True,True,True
159,YPL061W,core,True,True,True,True,True
159,YPL226W,core,True,True,True,True,True
160,YBL030C,core,True,True,True,True,True
160,YFR014C,core,True,True,True,True,True
160,YLR153C,core,True,True,True,True,True
160,YML028W,core,True,True,True,True,True
160,YNR033W,inner,True,True,True,True,True
160,YOL097C,core,True,True,True,True,True
162,YCR002C,core,True,True,True,True,True
162,YDL225W,core,True,True,True,True,True
162,YHR107C,core,True,True,True,True,True
162,YJL060W,inner,True,True,True,True,True
162,YJR076C,core,True,True,True,True,True
162,YJR092W,core,True,True,True,True,True
162,YKL085W,inner,True,True,True,True,True
162,YLR314C,core,True,True,True,True,True
162,YNL233W,core,True,True,True,True,True
163,YBR181C,inner,False,True,True,True,True
163,YCR031C,inner,False,True,True,True,True
163,YPL090C,inner,False,True,True,True,True
164,YDR267C,inner,True,True,True,True,True
164,YER171W,inner,True,True,True,True,True
164,YHR122W,core,True,True,True,True,True
164,YIL128W,core,True,True,True,True,True
164,YMR178W,inner,True,True,True,True,True
164,YNL240C,core,True,True,True,True,True
165,YHR208W,core,True,True,True,True,True
165,YJR148W,core,True,True,True,True,True
165,YLR259C,core,True,True,True,True,True
165,YNL085W,inner,True,True,True,True,True
167,YBR246W,core,True,True,True,True,True
167,YOR133W,core,True,True,True,True,True
168,YDR233C,inner,True,True,True,True,True
168,YHR146W,core,True,True,True,True,True
168,YMR196W,core,True,True,True,True,True
168,YMR315W,inner,True,True,True,True,True
168,YPL154C,core,True,True,True,True,True
169,YBR117C,core,True,True,True,True,True
169,YPR074C,core,True,True,True,True,True
171,YBL027W,inner,False,True,True,True,True
171,YDL082W,inner,False,True,True,True,True
171,YDR021W,inner,True,True,True,True,True
171,YMR142C,inner,True,True,True,True,True
171,YNL301C,core,True,True,True,True,True
172,YDL143W,inner,True,True,True,True,True
172,YDR188W,core,True,True,True,True,True
172,YHR104W,inner,True,True,True,True,True
172,YIL142W,core,True,True,True,True,True
172,YJL008C,inner,True,True,True,True,True
172,YJL111W,core,True,True,True,True,True
172,YMR028W,inner,True,True,True,True,True
172,YNL212W,core,True,True,True,True,True
172,YOR281C,core,True,True,True,True,True
173,YBR021W,core,True,True,True,True,True
173,YDL066W,inner,True,True,True,True,True
173,YER151C,core,True,True,True,True,True
173,YHR186C,inner,True,True,True,True,True
173,YJR066W,core,True,True,True,True,True
173,YLR373C,core,True,True,True,True,True
173,YLR441C,inner,True,True,True,True,True
173,YNL250W,inner,True,True,True,True,True
173,YNR051C,core,True,True,True,True,True
174,YBL056W,core,True,True,True,True,True
174,YBR125C,inner,True,True,True,True,True
174,YDR071C,core,True,True,True,True,True
174,YER089C,core,True,True,True,True,True
175,YBR097W,core,True,True,True,True,True
175,YBR128C,inner,True,True,True,True,True
175,YLR240W,core,True,True,True,True,True
175,YLR360W,core,True,True,True,True,True
175,YPL120W,core,True,True,True,True,True
176,YLR035C,core,True,True,True,True,True
176,YMR167W,core,True,True,True,True,True
176,YNL082W,core,True,True,True,True,True
177,YDL175C,core,True,True,True,True,True
177,YJL050W,core,True,True,True,True,True
177,YLR430W,core,True,True,True,True,True
177,YMR239C,core,True,True,True,True,True
177,YNL251C,core,True,True,True,True,True
177,YPL190C,core,True,True,True,True,True
178,YAL048C,inner,True,True,True,True,True
178,YML103C,core,True,True,True,True,True
178,YOR284W,core,True,True,True,True,True
178,YPL206C,core,True,True,True,True,True
179,YBL111C,core,True,True,True,True,True
179,YGR217W,core,True,True,True,True,True
179,YNL088W,core,True,True,True,True,True
180,YDR211W,core,True,True,True,True,True
180,YER025W,core,True,True,True,True,True
180,YGR083C,core,True,True,True,True,True
180,YJR007W,core,True,True,True,True,True
180,YKR026C,core,True,True,True,True,True
180,YLR215C,inner,True,True,True,True,True
180,YLR291C,core,True,True,True,True,True
180,YMR309C,inner,True,True,True,True,True
180,YOR101W,core,True,True,True,True,True
180,YOR260W,core,True,True,True,True,True
180,YOR335C,core,True,True,True,True,True
180,YPL237W,core,True,True,True,True,True
181,YPL111W,core,True,True,True,True,True
181,YPL160W,core,True,True,True,True,True
182,YCR012W,core,True,True,True,True,True
182,YEL031W,inner,True,True,True,True,True
182,YGR279C,inner,True,True,True,True,True
182,YMR173W,inner,True,True,True,True,True
182,YNL006W,inner,True,True,True,True,True
182,YOR070C,inner,True,True,True,True,True
183,YFL001W,inner,True,True,True,True,True
183,YKL060C,core,True,True,True,True,True
183,YMR113W,inner,True,True,True,True,True
183,YOL147C,inner,True,True,True,True,True
184,YDR216W,core,True,True,True,True,True
184,YHR174W,core,True,True,True,True,True
185,YDR231C,core,True,True,True,True,True
185,YNL192W,core,True,True,True,True,True
187,YBL013W,core,True,True,True,True,True
187,YBL113C,core,True,True,True,True,True
187,YGR192C,core,True,True,True,True,True
188,YDL174C,core,True,True,True,True,True
188,YGR017W,core,True,True,True,True,True
188,YLR410W,core,True,True,True,True,True
189,YIL056W,core,True,True,True,True,True
189,YPR052C,core,True,True,True,True,True
190,YBR159W,core,True,True,True,True,True
190,YGL013C,core,True,True,True,True,True
190,YOR038C,core,True,True,True,True,True
191,YAL047C,core,True,True,True,True,True
191,YHR172W,core,True,True,True,True,True
191,YLR212C,core,True,True,True,True,True
191,YNL126W,core,True,True,True,True,True
192,YAL001C,core,True,True,True,True,True
192,YBR089C,outer,True,False,False,True,False
192,YBR123C,core,True,True,True,True,True
192,YDR362C,core,True,True,True,True,True
192,YGR047C,core,True,True,True,True,True
192,YOR110W,core,True,True,True,True,True
192,YPL007C,core,True,True,True,True,True
194,YMR106C,core,True,True,True,True,True
194,YMR284W,core,True,True,True,True,True
195,YGL105W,core,True,True,True,True,True
195,YGL245W,core,True,True,True,True,True
195,YGR264C,core,True,True,True,True,True
195,YKR071C,inner,True,True,True,True,True
195,YLR142W,inner,True,True,True,True,True
196,YFR030W,core,True,True,True,True,True
196,YJR137C,core,True,True,True,True,True
197,YDR135C,core,True,True,True,True,True
197,YDR171W,core,True,True,True,True,True
197,YJR010W,core,True,True,True,True,True
198,YAL021C,core,True,True,True,True,True
198,YCR093W,core,True,True,True,True,True
198,YER068W,inner,True,True,True,True,True
198,YGR134W,core,True,True,True,True,True
198,YJR011C,outer,True,False,False,True,False
198,YNL288W,core,True,True,True,True,True
198,YNR052C,core,True,True,True,True,True
199,YGR078C,core,True,True,True,True,True
199,YLR200W,core,True,True,True,True,True
199,YML094W,core,True,True,True,True,True
199,YNL153C,core,True,True,True,True,True
200,YDR331W,core,True,True,True,True,True
200,YDR434W,core,True,True,True,True,True
200,YHR188C,core,True,True,True,True,True
200,YLR088W,core,True,True,True,True,True
201,YBR169C,core,True,True,True,True,True
201,YJL006C,core,True,True,True,True,True
201,YKL139W,core,True,True,True,True,True
201,YML112W,core,True,True,True,True,True
201,YOR007C,core,True,True,True,True,True
201,YOR164C,core,True,True,True,True,True
202,YBR106W,inner,True,True,True,True,True
202,YCR043C,inner,True,True,True,True,True
202,YDR245W,core,True,True,True,True,True
202,YDR525W,outer,True,False,False,True,False
202,YEL036C,core,True,True,True,True,True
202,YER017C,inner,True,True,True,True,True
202,YFL026W,inner,True,True,True,True,True
202,YGR132C,core,True,True,True,True,True
202,YGR231C,core,True,True,True,True,True
202,YJL183W,core,True,True,True,True,True
202,YJR075W,core,True,True,True,True,True
202,YKL039W,inner,True,True,True,True,True
202,YMR089C,inner,True,True,True,True,True
202,YPL050C,core,True,True,True,True,True
203,YBR171W,core,True,True,True,True,True
203,YLR292C,core,True,True,True,True,True
203,YOR254C,core,True,True,True,True,True
203,YPL094C,core,True,True,True,True,True
204,YBR031W,inner,True,True,True,True,True
204,YBR205W,core,True,True,True,True,True
204,YDR170C,core,True,True,True,True,True
204,YFR044C,core,True,True,True,True,True
204,YLR342W,inner,True,True,True,True,True
205,YBR102C,core,True,True,True,True,True
205,YDR166C,core,True,True,True,True,True
205,YER008C,core,True,True,True,True,True
205,YGL233W,core,True,True,True,True,True
205,YIL068C,core,True,True,True,True,True
205,YJL085W,core,True,True,True,True,True
205,YLR166C,core,True,True,True,True,True
205,YML097C,core,True,True,True,True,True
205,YPR055W,core,True,True,True,True,True
206,YAL003W,core,True,True,True,True,True
206,YBR118W,core,True,True,True,True,True
206,YDR204W,inner,True,True,True,True,True
206,YDR314C,core,True,True,True,True,True
206,YEL037C,inner,True,True,True,True,True
206,YKL081W,inner,True,True,True,True,True
206,YKL101W,core,True,True,True,True,True
206,YPL048W,core,True,True,True,True,True
207,YGR240C,core,True,True,True,True,True
207,YNL045W,inner,True,True,True,True,True
207,YOR286W,inner,True,True,True,True,True
207,YPL193W,inner,True,True,True,True,True
208,YGL201C,inner,True,True,True,True,True
208,YLR274W,core,True,True,True,True,True
208,YMR192W,core,True,True,True,True,True
208,YNL112W,inner,True,True,True,True,True
209,YGR194C,core,True,True,True,True,True
209,YNL265C,core,True,True,True,True,True
210,YBR057C,core,True,True,True,True,True
210,YGL036W,core,True,True,True,True,True
210,YKR031C,core,True,True,True,True,True
211,YDR320C,core,True,True,True,True,True
211,YLR423C,core,True,True,True,True,True
211,YPL166W,core,True,True,True,True,True
211,YPR049C,core,True,True,True,True,True
212,YBR135W,core,True,True,True,True,True
212,YBR160W,core,True,True,True,True,True
212,YDL155W,core,True,True,True,True,True
212,YGR155W,core,True,True,True,True,True
212,YKR091W,core,True,True,True,True,True
212,YLR079W,core,True,True,True,True,True
212,YMR199W,core,True,True,True,True,True
212,YPL256C,core,True,True,True,True,True
215,YGR180C,core,True,True,True,True,True
215,YIL070C,core,True,True,True,True,True
215,YJL026W,core,True,True,True,True,True
215,YJL115W,core,True,True,True,True,True
215,YJR140C,core,True,True,True,True,True
215,YML055W,inner,True,True,True,True,True
216,YDL100C,core,True,True,True,True,True
216,YDR196C,inner,True,True,True,True,True
216,YER083C,core,True,True,True,True,True
216,YFL044C,inner,True,True,True,True,True
216,YJL194W,core,True,True,True,True,True
217,YDR122W,core,True,True,True,True,True
217,YHR158C,core,True,True,True,True,True
218,YGR028W,core,True,True,True,True,True
218,YHR029C,inner,True,True,True,True,True
218,YJL020C,core,True,True,True,True,True
218,YJL123C,core,True,True,True,True,True
218,YJL146W,core,True,True,True,True,True
220,YDR050C,core,True,True,True,True,True
220,YGL131C,core,True,True,True,True,True
220,YJL049W,inner,True,True,True,True,True
220,YKL065C,inner,True,True,True,True,True
220,YMR052W,core,True,True,True,True,True
220,YNL127W,core,True,True,True,True,True
221,YAL033W,core,True,True,True,True,True
221,YBL018C,core,True,True,True,True,True
221,YBR167C,core,True,True,True,True,True
221,YBR257W,core,True,True,True,True,True
221,YDR478W,core,True,True,True,True,True
221,YGR030C,core,True,True,True,True,True
221,YHR062C,core,True,True,True,True,True
221,YNL221C,core,True,True,True,True,True
221,YNL282W,core,True,True,True,True,True
222,YBR254C,core,True,True,True,True,True
222,YDR108W,core,True,True,True,True,True
222,YDR246W,core,True,True,True,True,True
222,YDR407C,core,True,True,True,True,True
222,YDR472W,core,True,True,True,True,True
222,YGR143W,core,True,True,True,True,True
222,YGR166W,core,True,True,True,True,True
222,YKR068C,core,True,True,True,True,True
222,YML077W,core,True,True,True,True,True
222,YMR218C,core,True,True,True,True,True
222,YOR115C,core,True,True,True,True,True
223,YBR139W,inner,True,True,True,True,True
223,YDR027C,core,True,True,True,True,True
223,YDR484W,core,True,True,True,True,True
223,YGR205W,inner,True,True,True,True,True
223,YJL029C,core,True,True,True,True,True
223,YJL034W,core,True,True,True,True,True
225,YJR045C,core,True,True,True,True,True
225,YKL096W,core,True,True,True,True,True
225,YKR082W,core,True,True,True,True,True
226,YBR162C,core,True,True,True,True,True
226,YMR214W,core,True,True,True,True,True
227,YDR225W,core,True,True,True,True,True
227,YDR243C,core,True,True,True,True,True
227,YMR043W,core,True,True,True,True,True
228,YDR140W,core,True,True,True,True,True
228,YNR046W,core,True,True,True,True,True
228,YNR050C,core,True,True,True,True,True
228,YOL124C,core,True,True,True,True,True
229,YAL010C,core,True,True,True,True,True
229,YJL066C,core,True,True,True,True,True
229,YKR052C,inner,True,True,True,True,True
229,YMR203W,core,True,True,True,True,True
229,YMR241W,core,True,True,True,True,True
229,YPR024W,inner,True,True,True,True,True
230,YGL094C,core,True,True,True,True,True
230,YKL025C,core,True,True,True,True,True
231,YBL085W,core,True,True,True,True,True
231,YBR238C,core,True,True,True,True,True
232,YBL064C,inner,True,True,True,True,True
232,YDR069C,core,True,True,True,True,True
232,YLR436C,core,True,True,True,True,True
232,YMR304W,core,True,True,True,True,True
233,YDR406W,inner,True,True,True,True,True
233,YGL234W,core,True,True,True,True,True
233,YGR060W,core,True,True,True,True,True
233,YML029W,core,True,True,True,True,True
233,YNL178W,inner,True,True,True,True,True
233,YOL013C,inner,True,True,True,True,True
234,YAL026C,core,True,True,True,True,True
234,YAL053W,core,True,True,True,True,True
234,YML072C,core,True,True,True,True,True
234,YOR153W,core,True,True,True,True,True
235,YDR342C,core,True,True,True,True,True
235,YHL003C,inner,True,True,True,True,True
235,YHR047C,core,True,True,True,True,True
235,YML120C,inner,True,True,True,True,True
235,YNR007C,inner,True,True,True,True,True
235,YOR160W,core,True,True,True,True,True
236,YDL033C,core,True,True,True,True,True
236,YGL039W,core,True,True,True,True,True
237,YER125W,core,True,True,True,True,True
237,YHR131C,inner,True,True,True,True,True
237,YJL084C,inner,True,True,True,True,True
237,YKR021W,inner,True,True,True,True,True
237,YOR124C,core,True,True,True,True,True
237,YOR138C,core,True,True,True,True,True
238,YJL128C,inner,True,True,True,True,True
238,YLR006C,inner,True,True,True,True,True
238,YNR031C,core,True,True,True,True,True
238,YOR231W,inner,False,True,True,True,True
239,YBL084C,core,True,True,True,True,True
239,YDR118W,core,True,True,True,True,True
239,YGL240W,core,True,True,True,True,True
239,YHR166C,core,True,True,True,True,True
239,YKL022C,core,True,True,True,True,True
239,YLR102C,core,True,True,True,True,True
239,YLR127C,core,True,True,True,True,True
239,YNL172W,core,True,True,True,True,True
239,YOR249C,core,True,True,True,True,True
240,YGL221C,core,True,True,True,True,True
240,YGR178C,core,True,True,True,True,True
241,YGR234W,core,True,True,True,True,True
241,YLL013C,core,True,True,True,True,True
242,YGR262C,core,True,True,True,True,True
242,YJL184W,core,True,True,True,True,True
242,YKR038C,core,True,True,True,True,True
242,YML036W,core,True,True,True,True,True
243,YDR035W,core,True,True,True,True,True
243,YOR230W,core,True,True,True,True,True
244,YBR069C,core,True,True,True,True,True
244,YGL055W,core,True,True,True,True,True
244,YNL064C,core,True,True,True,True,True
246,YFL048C,core,True,True,True,True,True
246,YIL053W,core,True,True,True,True,True
247,YKL010C,core,True,True,True,True,True
247,YOR239W,core,True,True,True,True,True
249,YJL138C,core,True,True,True,True,True
249,YKR059W,core,True,True,True,True,True
249,YOR204W,inner,False,True,True,True,True
250,YBR260C,core,True,True,True,True,True
250,YDL080C,core,True,True,True,True,True
250,YGR196C,core,True,True,True,True,True
251,YBL017C,core,True,True,True,True,True
251,YKL054C,core,True,True,True,True,True
253,YBR052C,core,True,True,True,True,True
253,YBR053C,inner,True,True,True,True,True
253,YCR004C,core,True,True,True,True,True
253,YDR032C,core,True,True,True,True,True
253,YNL010W,core,True,True,True,True,True
254,YGR027C,core,True,True,True,True,True
254,YKL125W,core,True,True,True,True,True
254,YML126C,core,True,True,True,True,True
254,YPR004C,inner,True,True,True,True,True
255,YHR183W,core,True,True,True,True,True
255,YNL069C,core,True,True,True,True,True
256,YAL007C,inner,True,True,True,True,True
256,YAR002C,inner,True,True,False,True,True
256,YDL018C,core,True,True,True,True,True
256,YGL142C,inner,True,True,True,True,True
256,YGL200C,core,True,True,True,True,True
256,YHR110W,core,True,True,True,True,True
256,YML012W,core,True,True,True,True,True
256,YOR016C,inner,True,True,True,True,True
257,YHL001W,core,True,True,True,True,True
257,YMR029C,core,True,True,True,True,True
258,YIL143C,core,True,True,True,True,True
258,YOR168W,core,True,True,True,True,True
258,YOR352W,core,True,True,True,True,True
259,YDL102W,core,True,True,True,True,True
259,YJR006W,core,True,True,True,True,True
259,YJR043C,core,True,True,True,True,True
260,YBL105C,core,True,True,True,True,True
260,YGR254W,core,True,True,True,True,True
260,YMR014W,core,True,True,True,True,True
261,YLL048C,core,True,True,True,True,True
261,YML070W,inner,True,True,True,True,True
261,YNL238W,core,True,True,True,True,True
261,YOL031C,core,True,True,True,True,True
262,YER018C,core,True,True,True,True,True
262,YIL144W,core,True,True,True,True,True
262,YMR117C,core,True,True,True,True,True
262,YOL069W,core,True,True,True,True,True
263,YDL165W,core,True,True,True,True,True
263,YPR072W,core,True,True,True,True,True
264,YAL039C,core,True,True,True,True,True
264,YAR035W,core,True,True,True,True,True
265,YHL002W,core,True,True,True,True,True
265,YNR006W,core,True,True,True,True,True
266,YER031C,core,True,True,True,True,True
266,YER136W,core,True,True,True,True,True
266,YFL038C,core,True,True,True,True,True
266,YLR262C,inner,True,True,True,True,True
266,YLR272C,inner,True,True,True,True,True
266,YPR017C,inner,True,True,True,True,True
267,YLR044C,core,True,True,True,True,True
267,YLR134W,core,True,True,True,True,True
267,YOR245C,core,True,True,True,True,True
268,YLR178C,core,True,True,True,True,True
268,YMR297W,core,True,True,True,True,True
268,YOL086C,core,True,True,True,True,True
269,YGR175C,core,True,True,True,True,True
269,YHR020W,inner,True,True,True,True,True
269,YLL001W,core,True,True,True,True,True
269,YNL183C,core,True,True,True,True,True
270,YBR034C,core,True,True,True,True,True
270,YML017W,core,True,True,True,True,True
270,YPR129W,core,True,True,True,True,True
271,YBR155W,core,True,True,True,True,True
271,YDR385W,core,True,True,True,True,True
271,YGR187C,core,True,True,True,True,True
273,YCL032W,core,True,True,True,True,True
273,YLR362W,core,True,True,True,True,True
274,YAL041W,core,True,True,True,True,True
274,YBR200W,core,True,True,True,True,True
274,YER114C,core,True,True,True,True,True
274,YNL007C,inner,True,True,True,True,True
275,YFL022C,core,True,True,True,True,True
275,YLR060W,core,True,True,True,True,True
276,YBR207W,core,True,True,True,True,True
276,YFL041W,core,True,True,True,True,True
277,YCR095C,core,True,True,True,True,True
277,YHL029C,core,True,True,True,True,True
277,YNL032W,core,True,True,True,True,True
277,YNL056W,core,True,True,True,True,True
277,YNL099C,core,True,True,True,True,True
278,YDL090C,core,True,True,True,True,True
278,YGL155W,core,True,True,True,True,True
278,YKL019W,core,True,True,True,True,True
279,YIL033C,core,True,True,True,True,True
279,YJL164C,core,True,True,True,True,True
279,YPL203W,core,True,True,True,True,True
280,YJL117W,core,True,True,True,True,True
280,YMR134W,core,True,True,True,True,True
281,YHR024C,core,True,True,True,True,True
281,YLR163C,core,True,True,True,True,True
281,YLR172C,inner,True,True,True,True,True
282,YJR074W,core,True,True,True,True,True
282,YOR185C,core,True,True,True,True,True
283,YER043C,core,True,True,True,True,True
283,YFL028C,core,True,True,True,True,True
284,YOR213C,core,True,True,True,True,True
284,YOR229W,core,True,True,True,True,True
285,YDR068W,inner,True,True,True,True,True
285,YDR483W,core,True,True,True,True,True
285,YPL053C,inner,False,True,True,True,True
286,YIL078W,inner,True,True,True,True,True
286,YJL208C,core,True,True,True,True,True
286,YKR079C,core,True,True,True,True,True
286,YMR099C,core,True,True,True,True,True
287,YCL034W,core,True,True,True,True,True
287,YPL231W,core,True,True,True,True,True
288,YDR152W,core,True,True,True,True,True
288,YGR173W,core,True,True,True,True,True
289,YDL149W,inner,False,True,True,True,True
289,YFR021W,inner,True,True,True,True,True
289,YGL180W,inner,False,True,True,True,True
289,YNL242W,inner,True,True,True,True,True
289,YNR007C,inner,False,True,True,True,True
290,YJR070C,core,True,True,True,True,True
290,YLR168C,core,True,True,True,True,True
291,YGL125W,core,True,True,True,True,True
291,YML082W,core,True,True,True,True,True
291,YPL023C,core,True,True,True,True,True
292,YLR372W,core,True,True,True,True,True
292,YNL055C,core,True,True,True,True,True
293,YDL113C,core,True,True,True,True,True
293,YDR425W,core,True,True,True,True,True
293,YJL036W,core,True,True,True,True,True
294,YDL056W,inner,True,True,True,True,True
294,YER111C,inner,True,True,True,True,True
294,YIL101C,inner,False,True,True,True,True
294,YLR182W,core,True,True,True,True,True
295,YIL103W,core,True,True,True,True,True
295,YKL191W,core,True,True,True,True,True
296,YBR195C,core,True,True,True,True,True
296,YML102W,core,True,True,True,True,True
296,YPR018W,core,True,True,True,True,True
297,YGL162W,core,True,True,True,True,True
297,YKL183W,core,True,True,True,True,True
298,YDR310C,core,True,True,True,True,True
298,YIL147C,core,True,True,True,True,True
299,YDR346C,core,True,True,True,True,True
299,YPR118W,core,True,True,True,True,True
300,YGR017W,inner,False,True,True,True,True
300,YHR179W,core,True,True,True,True,True
300,YPL171C,core,True,True,True,True,True
301,YIL106W,core,True,True,True,True,True
301,YPR111W,core,True,True,True,True,True
302,YPL003W,core,True,True,True,True,True
302,YPR066W,core,True,True,True,True,True
303,YLR146C,core,True,True,True,True,True
303,YPR069C,core,True,True,True,True,True
304,YDL201W,core,True,True,True,True,True
304,YDR165W,core,True,True,True,True,True
305,YDR257C,inner,False,True,True,True,True
305,YHR109W,core,True,True,True,True,True
305,YJR139C,core,True,True,True,True,True
